{
  "project_info": {
    "project_number": "678212187713",
    "firebase_url": "https://musicplayerwithfirebase-8e062-default-rtdb.firebaseio.com",
    "project_id": "musicplayerwithfirebase-8e062",
    "storage_bucket": "musicplayerwithfirebase-8e062.appspot.com"
  },
  "client": [
    {
      "client_info": {
        "mobilesdk_app_id": "1:678212187713:android:95bede535f229c9d7ef8c0",
        "android_client_info": {
          "package_name": "com.example.doanmp3"
        }
      },
      "oauth_client": [
        {
          "client_id": "678212187713-n0p84qq78ir8rfdcif9svfhpu5qes0h5.apps.googleusercontent.com",
          "client_type": 1,
          "android_info": {
            "package_name": "com.example.doanmp3",
            "certificate_hash": "3151272ed950eb8f303d8a3ddfb20bce5e92eefd"
          }
        },
        {
          "client_id": "678212187713-709tvkhrq4rphqgl9ue0e3u5hmcvbqq7.apps.googleusercontent.com",
          "client_type": 3
        }
      ],
      "api_key": [
        {
          "current_key": "AIzaSyD8owW2uWDDKvIX7_ZPXtznRT9y-rG165s"
        }
      ],
      "services": {
        "appinvite_service": {
          "other_platform_oauth_client": [
            {
              "client_id": "678212187713-709tvkhrq4rphqgl9ue0e3u5hmcvbqq7.apps.googleusercontent.com",
              "client_type": 3
            }
          ]
        }
      }
    },
    {
      "client_info": {
        "mobilesdk_app_id": "1:678212187713:android:60dff8d6ab55402e7ef8c0",
        "android_client_info": {
          "package_name": "com.example.musicplayerwithfirebase"
        }
      },
      "oauth_client": [
        {
          "client_id": "678212187713-104m99i6kb98rr9cbane8o7vgm8n4e75.apps.googleusercontent.com",
          "client_type": 1,
          "android_info": {
            "package_name": "com.example.musicplayerwithfirebase",
            "certificate_hash": "3151272ed950eb8f303d8a3ddfb20bce5e92eefd"
          }
        },
        {
          "client_id": "678212187713-709tvkhrq4rphqgl9ue0e3u5hmcvbqq7.apps.googleusercontent.com",
          "client_type": 3
        }
      ],
      "api_key": [
        {
          "current_key": "AIzaSyD8owW2uWDDKvIX7_ZPXtznRT9y-rG165s"
        }
      ],
      "services": {
        "appinvite_service": {
          "other_platform_oauth_client": [
            {
              "client_id": "678212187713-709tvkhrq4rphqgl9ue0e3u5hmcvbqq7.apps.googleusercontent.com",
              "client_type": 3
            }
          ]
        }
      }
    }
  ],
  "configuration_version": "1"
}